company,email,verified,contact_name,custom_line
Gesfiser Ibr,info@gesfiser.es,yes,,"Sé que trabajáis con autónomos y empresas en Bilbao."
Gestoría Gabiola,info@gestoriagabiola.com,yes,,"Lleváis años con la asesoría fiscal y contable en Bilbao."
Euskalduna Asesores,info@euskaldunaasesores.es,yes,,"Sois una asesoría de referencia en Bilbao."
Gestoría Galarza,correo@gestoriagalarza.com,yes,,"Atendéis a pymes, autónomos y particulares en Bilbao."
Torrealday,torrealday@torrealday.es,yes,,"Lleváis la asesoría fiscal, laboral y contable en Bilbao."
Gestoría Calleja,contacto@gestoriacalleja.com,yes,,"Lleváis más de 25 años con la asesoría fiscal y laboral en Vitoria."
Asesores Medina,luisamedina@asesoresmedina.es,yes,,"Trabajáis el asesoramiento laboral y jurídico en Sevilla."
Zamorano Cruz Asesores,info@zamoranocruz.com,yes,,"Sois una asesoría cercana para pymes en Sevilla."
CND Asesores,hola@cndasesores.com,yes,,"Lleváis la asesoría fiscal, laboral y contable en Sevilla."
Gabinete Tributario Pedro Real,info@gabinetepedroreal.es,yes,,"Lleváis desde 1985 con la asesoría fiscal en Málaga."
Asesoría Fiscal Málaga,info@asesoriafiscalmalaga.es,yes,,"Lleváis más de 20 años con la asesoría fiscal y laboral en Málaga."
